Pagina,URL,Cuvinte Cheie Principale,Cuvinte Cheie Secundare (Long-tail),Potential Trafic,Importanta Conversii,Prioritate Link Building,Recomandari Advertoriale
Homepage,https://fxfweb.ro/,"gazduire web romania, hosting romania, gazduire ssd","gazduire web ieftina romania, hosting ssd nvme, gazduire site romania",MARE,MARE,1,"Articole despre alegerea unui hosting de calitate, comparatii hosting Romania"
Gazduire Web (index),https://fxfweb.ro/gazduire/,"gazduire web, hosting web, pachete hosting","tipuri de gazduire web, ce hosting sa aleg, gazduire site-uri",MARE,MARE,1,"Ghiduri complete despre gazduire, tutoriale alegere hosting"
Gazduire Web SSD,https://fxfweb.ro/gazduire/web/,"gazduire web ssd, hosting ssd romania, gazduire ssd nvme","gazduire web ssd ieftina, hosting ssd performant, gazduire rapida ssd",MARE,MARE,1,"Articole tehnice despre avantajele SSD NVMe, comparatii SSD vs HDD"
Gazduire WordPress,https://fxfweb.ro/gazduire/wordpress/,"gazduire wordpress, hosting wordpress romania, wordpress hosting","gazduire wordpress optimizata, hosting wordpress rapid, wordpress managed hosting",FOARTE MARE,FOARTE MARE,1,"Tutoriale WordPress, ghiduri optimizare WordPress, comparatii hosting WP"
Gazduire PrestaShop,https://fxfweb.ro/gazduire/prestashop/,"gazduire prestashop, hosting prestashop, prestashop romania","hosting magazin online prestashop, gazduire e-commerce prestashop, prestashop hosting rapid",MARE,FOARTE MARE,2,"Ghiduri creare magazin PrestaShop, tutoriale e-commerce, optimizare PrestaShop"
Gazduire OpenCart,https://fxfweb.ro/gazduire/opencart/,"gazduire opencart, hosting opencart, opencart romania","hosting magazin opencart, gazduire e-commerce opencart, opencart hosting ssd",MEDIU,MARE,3,"Tutoriale OpenCart, ghiduri magazin online, comparatii platforme e-commerce"
Gazduire Magento,https://fxfweb.ro/gazduire/magento/,"gazduire magento, hosting magento, magento romania","hosting magento 2, gazduire magento enterprise, magento cloud hosting",MEDIU,FOARTE MARE,2,"Articole enterprise e-commerce, tutoriale Magento 2, ghiduri migrare Magento"
Gazduire Performance,https://fxfweb.ro/gazduire/performance/,"gazduire performance, hosting performant, gazduire resurse dedicate","hosting trafic mare, gazduire site-uri rapide, hosting premium romania",MARE,FOARTE MARE,1,"Articole despre optimizare viteza, case studies site-uri cu trafic mare"
Servere (index),https://fxfweb.ro/servere/,"servere romania, server hosting, servere dedicate","inchiriere servere romania, servere cloud, servere virtuale",MARE,MARE,2,"Articole despre infrastructura IT, ghiduri alegere server"
Servere VPS,https://fxfweb.ro/servere/vps/,"vps romania, server vps, vps hosting","vps ieftin romania, vps ssd romania, server virtual privat",FOARTE MARE,FOARTE MARE,1,"Tutoriale configurare VPS, ghiduri migrare la VPS, comparatii VPS vs shared"
Servere Dedicate,https://fxfweb.ro/servere/dedicat/,"server dedicat, servere dedicate romania, dedicated server","inchiriere server dedicat, server dedicat ieftin, server fizic romania",MARE,FOARTE MARE,2,"Articole enterprise IT, ghiduri alegere server dedicat, case studies"
Cloud Storage,https://fxfweb.ro/servere/storage/,"cloud storage romania, stocare cloud, backup cloud","stocare date cloud, backup online romania, cloud backup business",MEDIU,MARE,3,"Articole despre backup si securitate date, ghiduri disaster recovery"
Despre Noi,https://fxfweb.ro/despre/,"fxf web hosting, despre fxf, companie hosting romania","firma hosting romania, provider gazduire romania",MIC,MEDIU,4,"Articole brand awareness, interviuri, comunicate de presa"
Contact,https://fxfweb.ro/contact/,"contact hosting, suport tehnic hosting","contact gazduire web, asistenta tehnica hosting",MIC,MEDIU,5,"Nu este relevanta pentru link building direct"
